{
  "x": 2.485755823591789,
  "y": -0.9841795767619732,
  "z": 0.10990780758903705,
  "w": 0.9939417859366669,
  "bx": 0.9240998816863477,
  "by": -1.6447160067227462,
  "bz": -0.10990780758903705,
  "bw": -0.993941785936667
}